"object link","text"
"https://pec.ac.in/sites/default/files/uploads/events/STC-MMCO-2021.pdf","One week STC on Micro Manufacturing from 4th to 8th January, 2021"
"https://pec.ac.in/sites/default/files/uploads/events/Email_Manual.pdf","Manual to Access pec.edu.in Email ID"
"https://pec.ac.in/sites/default/files/uploads/events/corona_virus_urgent_notice.pdf","As a precautionary measure against the spread of Corona Virus, teaching shall remain suspended in the institute indefinitely."
"https://pec.ac.in/sites/default/files/uploads/tenders/tender_cc_7-9-20.pdf","Download Tender"
"https://pec.ac.in/sites/default/files/office_orders/notice-1-9-20.PDF","Download Office Order"
"https://pec.ac.in/sites/default/files/office_orders/office_order_1-9-2020.pdf","Download Office Order"
"https://pec.ac.in/sites/default/files/uploads/nirf_2019-20.pdf","Click Here to Download Data Submitted for Participation in National Institutional Ranking Framework (NIRF), India Rankings 2020"
"https://pec.ac.in/sites/default/files/uploads/RTI_mandatory_Info_07-01-2020.pdf","Right to information"
"https://pec.ac.in/sites/default/files/uploads/rightinfo_12_form.pdf","Download the performa of Appeal"
"https://pec.ac.in/sites/default/files/uploads/audit_report_rti.pdf","Third party audit report of RTI compliance"
"https://pec.ac.in/sites/default/files/gallery_images/IMG_3949_0.jpg",""
"https://pec.ac.in/sites/default/files/gallery_images/IMG_20151130_122959.jpg",""
"https://pec.ac.in/sites/default/files/gallery_images/DSC_6577.JPG",""
"https://pec.ac.in/sites/default/files/gallery_images/DSC_6583.JPG",""
"https://pec.ac.in/sites/default/files/gallery_images/DSC_6631.JPG",""
"https://pec.ac.in/sites/default/files/gallery_images/DSC_6758.JPG",""
"https://pec.ac.in/sites/default/files/gallery_images/DSC_6711.JPG",""
"https://pec.ac.in/sites/default/files/gallery_images/DSC_6705.JPG",""
"https://pec.ac.in/sites/default/files/gallery_images/DSC_6797.JPG",""
"https://pec.ac.in/sites/default/files/gallery_images/DSC_6757.JPG",""
"https://pec.ac.in/sites/default/files/gallery_images/DSC_6692.JPG",""
"https://pec.ac.in/sites/default/files/gallery_images/DSC_6703.JPG",""
"https://pec.ac.in/sites/default/files/uploads/balance_sheet_pec_18-19.pdf","Balance Sheet for the F.Y. 2018-19"
"https://pec.ac.in/sites/default/files/uploads/balance_sheet_teqip_18-19.PDF","Balance Sheet for the F.Y. 2018-19"
"https://pec.ac.in/sites/default/files/uploads/balance_sheet_teqip_17-18.PDF","Balance Sheet for the F.Y. 2017-18"
"https://pec.ac.in/sites/default/files/uploads/iqac_annual_report_11-12.pdf","IQAC Annual Report 2011-12"
"https://pec.ac.in/sites/default/files/uploads/iqac_annual_report_13-14.pdf","IQAC Annual Report 2013-14"
"https://pec.ac.in/sites/default/files/uploads/iqac_annual_report_14-15.pdf","IQAC Annual Report 2014-15"
"https://pec.ac.in/sites/default/files/uploads/iqac_annual_report_15-16.pdf","IQAC Annual Report 2015-16"
"https://pec.ac.in/sites/default/files/uploads/iqac_annual_report_16-17.pdf","IQAC Annual Report 2016-17"
"https://pec.ac.in/sites/default/files/uploads/iqac_annual_report_17-18.pdf","IQAC Annual Report 2017-18"
"https://pec.ac.in/sites/default/files/uploads/phd_rules.pdf","PhD Rules effective from 2014 Onwards"
"https://pec.ac.in/sites/default/files/uploads/EOA_Report_2019-20.PDF","Letter of Extension of Approval 2019-20"
"https://pec.ac.in/sites/default/files/uploads/naac_ssr_pec.pdf","Self Study Report (SSR) for First Cycle of Accreditation"
"https://pec.ac.in/sites/default/files/attachments/nsp_notice.pdf","National Scholarship Portal"
"https://pec.ac.in/sites/default/files/attachments/sdpc_notice.pdf","Scholarship Programme for Diaspora Children"
"https://pec.ac.in/sites/default/files/attachments/scholarships_minority_communities_notice.pdf","Scholarship Notice for Different Minority Communities"
"https://pec.ac.in/sites/default/files/attachments/top_class_sc.pdf","Top Class Scheme for SC Candidates"
"https://pec.ac.in/sites/default/files/uploads/iqac_aqar-2017-18.pdf","Download Report"
"https://pec.ac.in/sites/default/files/uploads/iqac_aqar-2016-17.pdf","Download Report"
"https://pec.ac.in/sites/default/files/uploads/iqac_aqar-2015-16.pdf","Download Report"
"https://pec.ac.in/sites/default/files/uploads/iqac_aqar-2014-15.pdf","Download Report"
"https://pec.ac.in/sites/default/files/uploads/iqac_aqar-2013-14.pdf","Download Report"
"https://pec.ac.in/sites/default/files/uploads/iqac_aqar-2012-13.pdf","Download Report"
"https://pec.ac.in/sites/default/files/uploads/iqac_aqar-2011-12.pdf","Download Report"
"https://pec.ac.in/sites/default/files/uploads/iqac_aqar-2010-11.pdf","Download Report"
"https://pec.ac.in/sites/default/files/uploads/Siemens_CoE_PEC_compressed.pdf","Center of Excellence Siemens"
"https://pec.ac.in/sites/default/files/uploads/distribution_pdf_cp_2020.pdf","Distribution of PDF and Incentive for Consultancy Testing Project"
"https://pec.ac.in/sites/default/files/uploads/distribution_pdf_sp_2020.pdf","Distribution of PDF and Incentive for Sponsored Projects"
"https://pec.ac.in/sites/default/files/uploads/notice_dsa_corona_virus_17-03-2020.pdf","Office Order No. PEC/DSA/2020/513 by Dean Student Affairs"
"https://pec.ac.in/sites/default/files/uploads/events/estate_office_notice_19-3-2020.pdf","Office Order No. PEC/EO/4997 by Estate Office"
"https://pec.ac.in/sites/default/files/uploads/estate_office_notice_1_19-3-2020.pdf","Office Order No. PEC/EO/4996 by Estate Office"
"https://pec.ac.in/sites/default/files/uploads/Rules%20%26%20Instructions%20for%20Hostels%20during%20COVID-19_compressed.pdf","Rules & Instructions for Hostel Residents (During COVID-19)"
"https://pec.ac.in/sites/default/files/uploads/jobs/Rolling%20Advertisment%20_2018.pdf","Download Detail"
"https://pec.ac.in/sites/default/files/uploads/jobs/application_form_19-7-18.pdf","Download Application Form"
"https://pec.ac.in/sites/default/files/uploads/jobs/corrigendum_16-8-18.pdf","Download Corrigendum Dated 16-08-2018"
"https://pec.ac.in/sites/default/files/uploads/pdf/corrigendum_1-1-2020.pdf","Download Corrigendum Dated 01-01-2020"
"https://pec.ac.in/sites/default/files/uploads/events/sanjeev_kumar_award.pdf","Click Here to View Award"
"https://pec.ac.in/sites/default/files/uploads/tt_aero_20211.pdf","Click Here to Download Time Table"
"https://pec.ac.in/sites/default/files/uploads/tt_civil_20211.pdf","Click Here to Download Time Table"
"https://pec.ac.in/sites/default/files/uploads/tt_cse_20211.pdf","Click Here to Download Time Table"
"https://pec.ac.in/sites/default/files/uploads/tt_ele_20211.pdf","Click Here to Download Time Table"
"https://pec.ac.in/sites/default/files/uploads/tt_ece_20211_1.pdf","Click Here to Download Time Table"
"https://pec.ac.in/sites/default/files/uploads/tt_metta_20211.pdf","Click Here to Download Time Table"
"https://pec.ac.in/sites/default/files/uploads/datesheet_mid_sem_civil_19202.pdf","Click Here to Download Datesheet"
"https://pec.ac.in/sites/default/files/uploads/datesheet_mid_sem_cse_19202.pdf","Click Here to Download Datesheet"
"https://pec.ac.in/sites/default/files/uploads/datesheet_mid_sem_ee_19202_revised.pdf","Click Here to Download Datesheet"
"https://pec.ac.in/sites/default/files/uploads/datesheet_mid_sem_prod_19202.pdf","Click Here to Download Datesheet"
"https://pec.ac.in/sites/default/files/uploads/academic_calendar_20211.pdf","Academic Calendar for 20211 semester (July-Dec2020)"
"https://pec.ac.in/sites/default/files/gallery_images/cc1.JPG",""
"https://pec.ac.in/sites/default/files/gallery_images/cc4.JPG",""
"https://pec.ac.in/sites/default/files/gallery_images/cc3.JPG",""
"https://pec.ac.in/sites/default/files/gallery_images/cc2.JPG",""
"https://pec.ac.in/sites/default/files/gallery_images/IMAG1412.jpg",""
"https://pec.ac.in/sites/default/files/gallery_images/IMAG1419.jpg",""
"https://pec.ac.in/sites/default/files/gallery_images/IMAG1424.jpg",""
"https://pec.ac.in/sites/default/files/gallery_images/IMAG1432.jpg",""
"https://pec.ac.in/sites/default/files/uploads/jac_brochure_17.pdf","Click Here to Download Brochure"
"https://pec.ac.in/sites/default/files/uploads/jac_brochure_16.pdf","Click Here to Download Brochure"
"https://pec.ac.in/sites/default/files/uploads/jac_brochure_15.pdf","Click Here to Download Brochure"
"https://pec.ac.in/sites/default/files/uploads/jac_brochure_14.pdf","Click Here to Download Brochure"
"https://pec.ac.in/sites/default/files/uploads/jac_brochure_13.pdf","Click Here to Download Brochure"
"https://pec.ac.in/sites/default/files/attachments/prospectus_17-18.pdf","Prospectus – 2017 – 2018"
"https://pec.ac.in/sites/default/files/attachments/prospectus-1516.pdf","Prospectus – 2015 – 2016"
"https://pec.ac.in/sites/default/files/attachments/Prospectus-2014-15.pdf","Prospectus – 2014 – 2015"
"https://pec.ac.in/sites/default/files/attachments/Prospectus-2013-14.pdf","Prospectus – 2013 – 2014"
"https://pec.ac.in/sites/default/files/attachments/Prospectus-2012-131.pdf","Prospectus – 2012 – 2013"
"https://pec.ac.in/sites/default/files/attachments/Prospectus-2011-12.pdf","Prospectus – 2011 – 2012"
"https://pec.ac.in/sites/default/files/attachments/Prospectus-2010-11.pdf","Prospectus – 2010 – 2011"
"https://pec.ac.in/sites/default/files/uploads/updatedraggingnotification.pdf","English Version"
"https://pec.ac.in/sites/default/files/uploads/updatedhindiversion.pdf","Hindi Version"
"https://pec.ac.in/sites/default/files/uploads/delegation_document_10-12-15.pdf","Delegation Document"
"https://pec.ac.in/sites/default/files/uploads/Amended-MOA-PEC.pdf","MOA and BYE Laws"
"https://pec.ac.in/sites/default/files/uploads/ordinance_0.pdf","Ordinances"
"https://pec.ac.in/sites/default/files/uploads/senate-manu-1_2.pdf","Part 1"
"https://pec.ac.in/sites/default/files/uploads/SENATE-Mnu.-2.pdf","Part 2"
"https://pec.ac.in/sites/default/files/uploads/minutes_senate_79_annexure_B_senate_manual.pdf","Senate Manual (Modified)"
"https://pec.ac.in/sites/default/files/uploads/npe86_0.pdf","National Policy on Education"
"https://pec.ac.in/sites/default/files/uploads/facultyhandbook_0.pdf","Faculty Handbook"
"https://pec.ac.in/sites/default/files/uploads/normsforcoursesandtraining.pdf","Objectives, Norms & Guidelines"
"https://pec.ac.in/sites/default/files/uploads/purchase-process-above-1-lac.pdf","Flow Chart of purchase procedure (Above Rs 1.00 Lac )"
"https://pec.ac.in/sites/default/files/uploads/purchase-process-below-1-lac.pdf","Flow Chart of purchase procedure (Above Rs 15,000/- and upto Rs 1.00 Lac)"
"https://pec.ac.in/sites/default/files/uploads/guidelines-for-purchase_0.pdf","Important Guidelines for purchase of Goods"
"https://pec.ac.in/sites/default/files/uploads/purchasemanual_new_0.pdf","Purchase Manual"
"https://pec.ac.in/sites/default/files/uploads/seniority_list_HAS_faculty_27-11-15.pdf","Click here for List"
"https://pec.ac.in/sites/default/files/uploads/notice_hac_27-11-15.pdf","Click here for Notice"
"https://pec.ac.in/sites/default/files/uploads/consent_form.pdf","Application for allotment of house in PEC Campus"
"https://pec.ac.in/sites/default/files/uploads/festival_advance.pdf","Application Form for The Festival Advance"
"https://pec.ac.in/sites/default/files/uploads/CallingFacility.pdf","Performa for Calling Facility"
"https://pec.ac.in/sites/default/files/uploads/telephone-bills-reimbursement-performa.pdf","Performa for Reimbursement of Telephone Bills"
"https://pec.ac.in/sites/default/files/uploads/proforma_icard_pec.pdf","Proforma for Identity-cum Dependent Card"
"https://pec.ac.in/sites/default/files/uploads/no_dues_retirement_pec.pdf","No Dues Certificate (for retiring employees)"
"https://pec.ac.in/sites/default/files/uploads/undertaking_passport_pec.pdf","Undertaking for Fresh and renewal of Passport"
"https://pec.ac.in/sites/default/files/uploads/form_nomination_pec.pdf","Form for Nominations"
"https://pec.ac.in/sites/default/files/uploads/proforma_ltc_pec.pdf","Proforma for L.T.C"
"https://pec.ac.in/sites/default/files/uploads/Proforma-SCL-PL.pdf","Application form for Special Casual Leave/ Project Leave"
"https://pec.ac.in/sites/default/files/uploads/group_c_4-9-19.pdf","Gropup C"
"https://pec.ac.in/sites/default/files/uploads/group_d_4-9-19.pdf","Group D"
"https://pec.ac.in/sites/default/files/uploads/medium_instructions_certificate_14-2-2020.pdf","Medium of Instructions Certificate"
"https://pec.ac.in/sites/default/files/uploads/consolidated_grades_certificate_14-2-2020.pdf","Consolidated Grades Sheet Certificate"
"https://pec.ac.in/sites/default/files/uploads/certificate_btech_2019.pdf","Certificate for BE/B.Tech. Final Year Students"
"https://pec.ac.in/sites/default/files/uploads/percentage_conversion_certificate_14-2-2020.pdf","Percentage Conversion Certificate"
"https://pec.ac.in/sites/default/files/uploads/internship_pec_other.pdf","Internship of Students of Other Institutes at PEC"
"https://pec.ac.in/sites/default/files/uploads/cas_2018_notice.pdf","CAS 2018 Notice"
"https://pec.ac.in/sites/default/files/uploads/pbas_performa_2018.doc","PBAS Performa as per UGC 2018"
"https://pec.ac.in/sites/default/files/uploads/cas_18_nai.pdf","CAS-2018 Public Notice on Academic Integrity"
"https://pec.ac.in/sites/default/files/uploads/cas_2018_notice_past_service.pdf","Counting of past service for CAS-2018"
"https://pec.ac.in/sites/default/files/uploads/pec_gst_custom_duty_certificate.pdf","Custom and GST Exemption Certificate"
"https://pec.ac.in/sites/default/files/uploads/TA-RULES.pdf","TA/DA rules"
"https://pec.ac.in/sites/default/files/uploads/hiring_taxi_30-7-20.pdf","Empanelment of Vendors for Providing Taxi Services"
"https://pec.ac.in/sites/default/files/uploads/Central-board-of-excise-and-customs.pdf","Service Tax No."
"https://pec.ac.in/sites/default/files/uploads/Chief-commissioner-of-income-tax.pdf","Educational Institute"
"https://pec.ac.in/sites/default/files/uploads/Income-tax-pan-services-unit.pdf","PAN/TAN"
"https://pec.ac.in/sites/default/files/uploads/Certificate-of-Registration.pdf","Custom Duty Exemption Certificate"
"https://pec.ac.in/sites/default/files/uploads/government-of-India-Income-tax.pdf","Registration u/s 12 A(a) of Income Tax Act"
"https://pec.ac.in/sites/default/files/uploads/Circular-Prevalent-taxation-laws.pdf","VAT on sale of Institute Scrap"
"https://pec.ac.in/sites/default/files/uploads/office-of-the-commissioner-of-income-tax-I.pdf","Order u/s 89 G(5)(vi) of Income Tax Act"
"https://pec.ac.in/sites/default/files/uploads/tds.pdf","TDS / Service Tax"
"https://pec.ac.in/sites/default/files/uploads/Old-and-New-Logo-PEC.doc","Download Logo"
"https://pec.ac.in/sites/default/files/uploads/tenders/tender_ece_28-8-20.pdf","Download Tender"
"https://pec.ac.in/sites/default/files/uploads/tenders/tender_cc_25-8-20.pdf","Download Bid Document"
"https://pec.ac.in/sites/default/files/uploads/tenders/tender_cc_11-8-20.pdf","Download Bid Document"
"https://pec.ac.in/sites/default/files/uploads/tenders/tender_cc_11-8-20-1.pdf","Download Tender"
"https://pec.ac.in/sites/default/files/uploads/tenders/corrigendum_cc_20-8-20.pdf","Download Corrigendum"
"https://pec.ac.in/sites/default/files/uploads/tenders/tender_ece_14-8-20.pdf","Download Revised Tender"
"https://pec.ac.in/sites/default/files/uploads/tenders/tender_metta_9-7-20.pdf","Download Tender (1)"
"https://pec.ac.in/sites/default/files/uploads/tenders/tender_metta_1_9-7-20.pdf","Download Tender (2)"
"https://pec.ac.in/sites/default/files/uploads/tenders/tender_metta_2_9-7-20.pdf","Download Tender (3)"
"https://pec.ac.in/sites/default/files/uploads/tenders/tender_admin_3-7-20.pdf","Download Tender"
"https://pec.ac.in/sites/default/files/uploads/tenders/tender_admin_25-6-2020.docx","Download Tender"
"https://pec.ac.in/sites/default/files/uploads/tenders/tender_dsa_18-6-20.pdf","Download Tender"
"https://pec.ac.in/sites/default/files/uploads/tenders/tender_estate_18-5-19.pdf","Download Tender"
"https://pec.ac.in/sites/default/files/uploads/placement_brochure_pec_20-21.pdf","Placement Brochure 2020-21"
"https://pec.ac.in/sites/default/files/attachments/Job%20Announcement%20Form%20%28JAF%29%202020-2021.docx","Job Announcement Form (JAF) 2020-21"
"https://pec.ac.in/sites/default/files/attachments/Internship%20Announcement%20Form%20%28IAF%29%202020-2021.docx","Internship Announcement Form (IAF) 2020-21"
"https://pec.ac.in/sites/default/files/attachments/Placement%20report%2015-16.pdf","Click here to Download Placement Report for 2015-16"
"https://pec.ac.in/sites/default/files/attachments/Placement%20Report%202014-15_0.pdf","Click here to Download Placement Report for 2014-15"
"https://pec.ac.in/sites/default/files/attachments/Industrial%20Training%20Form%20for%20M.Tech_.pdf","Industrial Training Form for M.Tech Students"
"https://pec.ac.in/sites/default/files/attachments/Industrial%20Training%20Form%20for%20%206%20Months%20%28B.Tech%29.pdf","Industrial Training Form for 6 Months for B.Tech Students"
"https://pec.ac.in/sites/default/files/attachments/Form%20-%204-6%20WeeksTraining.pdf","Summer or Winter Industrial Training Form For B.Tech Students"
"https://pec.ac.in/sites/default/files/uploads/events/mitigating_traffic_case_study_pec.pdf","Click here for the press release for 'A Case Study on Mitigating Traffic Congestion of Chandigarh - Nayagaon Stretch' conducted by ASCE PEC"
"https://pec.ac.in/sites/default/files/uploads/events/Data%20Science.pdf","Download Brochure: One Week Online FDP on Data Science from 4th to 8th May, 2020"
"https://pec.ac.in/sites/default/files/uploads/events/BlockChain.pdf","Download Brochure: One Week Online FDP on Blockchain Technology from 11th to 15th May, 2020"
"https://pec.ac.in/sites/default/files/uploads/minutes_62_bog.pdf","Download Minutes"
"https://pec.ac.in/sites/default/files/uploads/minutes_61_bog.PDF","Download Minutes"
"https://pec.ac.in/sites/default/files/uploads/minutes_60_bog.pdf","Download Minutes"
"https://pec.ac.in/sites/default/files/uploads/minutes_59_bog.PDF","Download Minutes"
"https://pec.ac.in/sites/default/files/uploads/minutes_senate_86.pdf","Download Minutes"
"https://pec.ac.in/sites/default/files/uploads/minutes_senate_85.pdf","Download Minutes"
"https://pec.ac.in/sites/default/files/uploads/minutes_senate_84.pdf","Download Minutes"
"https://pec.ac.in/sites/default/files/uploads/minutes_senate_83.pdf","Download Minutes"
"https://pec.ac.in/sites/default/files/uploads/minutes_senate_82.pdf","Download Minutes"
"https://pec.ac.in/sites/default/files/uploads/minutes_senate_81.pdf","Download Minutes"
"https://pec.ac.in/sites/default/files/uploads/minutes_senate_80.pdf","Download Minutes"
"https://pec.ac.in/sites/default/files/uploads/minutes_senate_79.pdf","Download Minutes"
"https://pec.ac.in/sites/default/files/uploads/minutes_senate_73.pdf","Download Minutes"
"https://pec.ac.in/sites/default/files/uploads/minutes_senate_72.pdf","Download Minutes"
"https://pec.ac.in/sites/default/files/uploads/minutes_senate_71.pdf","Download Minutes"
"https://pec.ac.in/sites/default/files/uploads/minutes_senate__69_13-12-16.pdf","Download Minutes"
"https://pec.ac.in/sites/default/files/uploads/minutes_senate__68_14-10-16.pdf","Download Minutes"
"https://pec.ac.in/sites/default/files/uploads/minutes_senate__67_3-6-16.pdf","Download Minutes"
"https://pec.ac.in/sites/default/files/uploads/minutes_senate__66_4-3-16.pdf","Download Minutes"
"https://pec.ac.in/sites/default/files/uploads/minutes_senate__65_22-12-15.pdf","Download Minutes"
"https://pec.ac.in/sites/default/files/uploads/minutes_senate_64_22-9-15.pdf","Download Minutes"
"https://pec.ac.in/sites/default/files/uploads/minutes_senate__63_5-8-15.pdf","Download Minutes"
"https://pec.ac.in/sites/default/files/uploads/minutes_senate__62_8-6-15.pdf","Download Minutes"
"https://pec.ac.in/sites/default/files/uploads/minutes_senate__61_19-5-15.pdf","Download Minutes"
"https://pec.ac.in/sites/default/files/uploads/minutes_senate__60_19-2-15.pdf","Download Minutes"
"https://pec.ac.in/sites/default/files/uploads/minutes_senate__59_27-11-14.pdf","Download Minutes"
"https://pec.ac.in/sites/default/files/uploads/minutes_senate__58_17-7-14.pdf","Download Minutes"
"https://pec.ac.in/sites/default/files/uploads/minutes_senate__57_17-6-14.pdf","Download Minutes"
"https://pec.ac.in/sites/default/files/uploads/minutes_senate__56_30-4-14.pdf","Download Minutes"
"https://pec.ac.in/sites/default/files/uploads/minutes_senate__55_20-12-13.pdf","Download Minutes"
"https://pec.ac.in/sites/default/files/uploads/minutes_senate__54_17-9-13.pdf","Download Minutes"
"https://pec.ac.in/sites/default/files/uploads/minutes_senate__53_26-6-13.pdf","Download Minutes"
"https://pec.ac.in/sites/default/files/uploads/minutes_senate__52_18-6-13.pdf","Download Minutes"
"https://pec.ac.in/sites/default/files/uploads/minutes_senate__51_8-1-13.pdf","Download Minutes"
"https://pec.ac.in/sites/default/files/uploads/office_order_daa_19-12-19%20%287%29.pdf","Click Here to Download"
"https://pec.ac.in/sites/default/files/uploads/office_order_daa_19-12-19%20%2810%29.pdf","Click Here to Download"
"https://pec.ac.in/sites/default/files/uploads/office_order_daa_19-12-19%20%289%29.pdf","Click Here to Download"
"https://pec.ac.in/sites/default/files/uploads/office_order_daa_19-12-19%20%281%29.pdf","Click Here to Download"
"https://pec.ac.in/sites/default/files/uploads/office_order_daa_19-12-19%20%286%29.pdf","Click Here to Download"
"https://pec.ac.in/sites/default/files/uploads/office_order_daa_19-12-19%20%285%29.pdf","Click Here to Download"
"https://pec.ac.in/sites/default/files/uploads/office_order_daa_19-12-19%20%288%29.pdf","Click Here to Download"
"https://pec.ac.in/sites/default/files/uploads/office_order_daa_19-12-19%20%283%29.pdf","Click Here to Download"
"https://pec.ac.in/sites/default/files/uploads/office_order_daa_19-12-19%20%284%29.pdf","Click Here to Download"
"https://pec.ac.in/sites/default/files/uploads/office_order_daa_19-12-19%20%282%29.pdf","Click Here to Download"
"https://pec.ac.in/sites/default/files/uploads/ss_17-18.pdf","Click Here to Download"
"https://pec.ac.in/sites/default/files/uploads/ss_16-17.pdf","Click Here to Download"
"https://pec.ac.in/sites/default/files/uploads/ss_15-16.pdf","Click Here to Download"
"https://pec.ac.in/sites/default/files/uploads/ss_14-15.pdf","Click Here to Download"
"https://pec.ac.in/sites/default/files/uploads/pec_guidelined_internship_2018_revised.pdf","Guidelines for Internship Training (.pdf)"
"https://pec.ac.in/sites/default/files/uploads/guidelines_training_internship_prior_2014.pdf","Guidelines for Internship Training (.pdf) (2012-14)"
"https://pec.ac.in/sites/default/files/uploads/BE_rules_2014.pdf","BE Rules effective from 2014 Onwards"
"https://pec.ac.in/sites/default/files/uploads/industrial_visit_guidelines_ug.pdf","Performa for Industrial Tour for B.Tech 2nd Year Students"
"https://pec.ac.in/sites/default/files/uploads/ME_rules_2014.pdf","ME Rules effective from 2014 Onwards"
"https://pec.ac.in/sites/default/files/uploads/industrial_visit_guidelines_mtech.pdf","M.Tech. Industrial Visit Guidelines"
"https://pec.ac.in/sites/default/files/uploads/daa_notification_10-2-2020.pdf","The charges for the various documents issued by the Office of Dean Academic Affairs are revised with immediate effect."
"https://pec.ac.in/sites/default/files/uploads/minutes_iqac_22-7-19.pdf","Download Minutes"
"https://pec.ac.in/sites/default/files/uploads/minutes_iqac_8-4-19.pdf","Download Minutes"
"https://pec.ac.in/sites/default/files/uploads/B_Tech_Cut_Off_2018.pdf","2018"
"https://pec.ac.in/sites/default/files/uploads/B_Tech_Cut_off_2019.pdf","2019"
"https://pec.ac.in/sites/default/files/uploads/mtech_sid_2021.pdf","List of SIDs for M.Tech. 1st Year Students Admitted for Session 2020-2021"
"https://pec.ac.in/sites/default/files/uploads/Registration%20Process.pdf","Registration Process for Newly Admitted Students"
"https://pec.ac.in/sites/default/files/uploads/Undertaking.docx","Undertaking"
"https://pec.ac.in/sites/default/files/uploads/academic%20calendar_mtech_20-21.pdf","Academic Calendar for Newly admitted M.Tech. students"
"https://pec.ac.in/sites/default/files/uploads/Notice%28Panel%20Evaluation%20Industrial%20Internship%29.pdf","Panel for the evaluation of Internship (Dated: 06.07.2020)"
"https://pec.ac.in/sites/default/files/uploads/capstone_project_2019_updated_0.xlsx","Capstone Projects (Batch 2015-19)"
"https://pec.ac.in/sites/default/files/uploads/internship_details_ece_19.xlsx","Internship Data 2019-20"
"https://pec.ac.in/sites/default/files/uploads/expert_lectures_ece_16-19.xlsx","Details of Expert Lectures Organised by the ECE Deptt. (2016-19)"
"https://pec.ac.in/sites/default/files/attachments/Press%20Release%2015-10-15%20_pawan%20garg.docx","A 1969 batch alumnus returns to PEC to deliver lecture on RF spectrum allocation"
"https://pec.ac.in/sites/default/files/attachments/Press%20Release_QTL%20establishes%20%20Videocon%20Advanced%20Communication%20Lab%20%20at%20PEC.DOC","Connect Broadband establishes Videocon Advanced Communication Lab at PEC University of Technology on 19 November, 2015"
"https://pec.ac.in/sites/default/files/uploads/internship_metta_18192.pdf","Student Internship"
"https://pec.ac.in/sites/default/files/uploads/sponsored_projects_metta_20.pdf","Sponsored R & D Projects"
"https://pec.ac.in/sites/default/files/uploads/adavance_technology_lab.pdf","Click here to Download Brochure"
"https://pec.ac.in/sites/default/files/attachments/2005-06.pdf","Consultancy projects for the year 2005-06"
"https://pec.ac.in/sites/default/files/attachments/2006-07.pdf","Consultancy projects for the year 2006-07"
"https://pec.ac.in/sites/default/files/attachments/2007-08.pdf","Consultancy projects for the year 2007-08"
"https://pec.ac.in/sites/default/files/attachments/2008-09.pdf","Consultancy projects for the year 2008-09"
"https://pec.ac.in/sites/default/files/attachments/2009-10.pdf","Consultancy projects for the year 2009-10"
"https://pec.ac.in/sites/default/files/attachments/2010-11.pdf","Consultancy projects for the year 2010-11"
"https://pec.ac.in/sites/default/files/attachments/2011-12.pdf","Consultancy projects for the year 2011-12"
"https://pec.ac.in/sites/default/files/attachments/2012-13.pdf","Consultancy projects for the year 2012-13"
"https://pec.ac.in/sites/default/files/attachments/2013-2014.pdf","Consultancy projects for the year 2013-14"
"https://pec.ac.in/sites/default/files/attachments/2014-2015.pdf","Consultancy projects for the year 2014-15"
"https://pec.ac.in/sites/default/files/attachments/consultancy_projects_10-11-16.pdf","Consultancy projects for the year 2015-16"
"https://pec.ac.in/sites/default/files/attachments/consultancy_projects_2016-17.pdf","Consultancy projects for the year 2016-17"
"https://pec.ac.in/sites/default/files/attachments/consultancy_projects_list_2017-2018_dsric_updated.pdf","Consultancy projects for the year 2017-18"
"https://pec.ac.in/sites/default/files/1_2.jpg",""
"https://pec.ac.in/sites/default/files/2_2.jpg",""
"https://pec.ac.in/sites/default/files/1_1.jpg",""
"https://pec.ac.in/sites/default/files/2_1.jpg",""
"https://pec.ac.in/sites/default/files/3_1.jpg",""
"https://pec.ac.in/sites/default/files/5.jpg",""
"https://pec.ac.in/sites/default/files/6.jpg",""
"https://pec.ac.in/sites/default/files/4.jpg",""
"https://pec.ac.in/sites/default/files/uploads/events/PEC_Application-Form-2020-Student%20Awards.pdf","Extra-Curricular Activities Awards Application Form 2019 - 2020"
"https://pec.ac.in/sites/default/files/uploads/shielly_sachdeva_16-20.pdf","Applications are invited from the BE graduates of the batch 2016-20 for the award of Sheilly Sachdeva Memorial Gold Medal for Social Activities"
"https://pec.ac.in/sites/default/files/uploads/charu_puri_16-20.pdf","Applications are hereby invited from the various club members for Ms. Charu Puri Award for Excellence in Club/Cultural Activities from final year students."
"https://pec.ac.in/sites/default/files/attachments/Clubs%20Performa.pdf","Performa for Seeking Event Permission and according Financial Sanction By Clubs/Societies/Sports Department"
"https://pec.ac.in/sites/default/files/attachments/FEST-participation-and-Financial-Sanction1.pdf","Performa for Seeking Permission and Financial Sanction for Participating in College Fests and Other Competitions"
"https://pec.ac.in/sites/default/files/attachments/student_performa.pdf","Post Graduate Students Conference Grants under Key activity 3 of TEQIP-II"
"https://pec.ac.in/sites/default/files/attachments/Requisition-Performa-for-purchase-of-consumables-under-Key-Activity-42.pdf","Requisition Performa for purchase of consumables under Key Activity 4 (a)"
"https://pec.ac.in/sites/default/files/attachments/Vehicle-Sticker-Form1.pdf","Vehicle Sticker"
"https://pec.ac.in/sites/default/files/attachments/Financial-Assistance-Policy-for-Participation-in-Technical-Events.pdf","Financial Assistance Policy for Participation in Technical Events"
"https://pec.ac.in/sites/default/files/attachments/Auditorium%20form-1.pdf","Performa for booking of auditorium by Clubs/Societies/NSS/NCC/Sports & Department"
"https://pec.ac.in/sites/default/files/attachments/finincialassistance.pdf","Financial assistance to student s for attending conferences"
"https://pec.ac.in/donations/sites/default/files/donor_list_21-9-20.pdf","List of Donors (Alumni, Faculty, Friends, Students)"
"https://pec.ac.in/donations/sites/default/files/scholarship.pdf","Download PDF"
"https://pec.ac.in/donations/sites/default/files/hostel.pdf","Download PDF"
"https://pec.ac.in/sites/default/files/attachments/Human%20Engineering%20lab.pdf","Human Engineering Lab"
"https://pec.ac.in/sites/default/files/attachments/RPT%20lab.pdf","Prototyping Lab"
"https://pec.ac.in/sites/default/files/attachments/Enrolment-for-Sports.pdf","Enrolment for Sports"
"https://pec.ac.in/sites/default/files/attachments/Gymnasium-Club-Membership-Staff.pdf","Gymnasium Club Membership (Staff)"
"https://pec.ac.in/sites/default/files/attachments/Gymnasium-Club-Membership-Students.pdf","Gymnasium Club Membership (Students)"
"https://pec.ac.in/sites/default/files/attachments/Swimming-Club-Membership-Students.pdf","Swimming Club Membership (Students)"
"https://pec.ac.in/sites/default/files/attachments/Swimming-Club-Membership-Staff.pdf","Swimming Club Membership (Staff)"
"https://pec.ac.in/sites/default/files/uploads/Performa-for-Computer-Professionals_CAS.doc","Application form for Career Progression Scheme (CPS) for Computer Professional"
"https://pec.ac.in/sites/default/files/uploads/Proforma-for-CAS-Old.doc","Application form for promotion under the CAS (Eligibility -Between 01.10.2009 to 07.10.2009)"
"https://pec.ac.in/sites/default/files/uploads/Performa-for-CAS-2012.doc","Application form for promotion under the CAS (Eligibility- On or After 08.10.2009)"
"https://pec.ac.in/sites/default/files/uploads/Performa-for-CAS-2013.doc","CAS Application Form as per BOM decision 38.12 dated 01/11/2012"
"https://pec.ac.in/sites/default/files/uploads/Notice_cas_2012.pdf","Notice regarding CAS dated 01.06.2012"
"https://pec.ac.in/sites/default/files/uploads/jobs/jpb_31-8-20.pdf","Download Details"
"https://pec.ac.in/sites/default/files/uploads/jobs/application_form_31-8-20.pdf","Download Application Form"
"https://pec.ac.in/sites/default/files/uploads/jobs/job_18-8-20.pdf","Download Details & Application Form"
"https://pec.ac.in/sites/default/files/uploads/jobs/job_28-1-2020.pdf","Download Details"
"https://pec.ac.in/sites/default/files/uploads/jobs/application_form_28-1-2020.pdf","Download Application Form"
"https://pec.ac.in/sites/default/files/uploads/jobs/job_20-1-2020.pdf","Download Details"
"https://pec.ac.in/sites/default/files/uploads/jobs/application_form_20-1-2020.pdf","Download Application Form"
"https://pec.ac.in/sites/default/files/uploads/jobs/job_31-12-19.pdf","Download Details"
"https://pec.ac.in/sites/default/files/uploads/jobs/registration_form_31-12-19.pdf","Download Registration Form"
"https://pec.ac.in/sites/default/files/uploads/jobs/jobs_26-12-19.pdf","Download Details"
"https://pec.ac.in/sites/default/files/uploads/jobs/registration_form_26-12-19.pdf","Download Registration Form"
"https://pec.ac.in/sites/default/files/uploads/jobs/cirrigendum_1_31-12-19.pdf","Download Corrigendum"
"https://pec.ac.in/sites/default/files/uploads/jobs/Advertisement_JRF.pdf","Download Details"
"https://pec.ac.in/sites/default/files/uploads/jobs/Application%20format_JRF.pdf","Download Application Form"
"https://pec.ac.in/sites/default/files/uploads/jobs/job_dean_alumni_25-11-19_1.pdf","Download Details"
"https://pec.ac.in/sites/default/files/uploads/jobs/application_form_25-11-19.docx","Download Application Form"
"https://pec.ac.in/sites/default/files/uploads/jobs/job_1_4-10-19.pdf","Download Details"
"https://pec.ac.in/sites/default/files/uploads/jobs/job_3-8-18.pdf","Click Here to Download Details"
"https://pec.ac.in/sites/default/files/uploads/jobs/application_form_3-8-18.pdf","Click Here to Download Application Form"
"https://pec.ac.in/sites/default/files/uploads/jobs/application_form_2-6-17_0.pdf","Download Application Form"
"https://pec.ac.in/sites/default/files/uploads/jobs/job_application_form_20-3-17.pdf","Download Applicaton Form"
"https://pec.ac.in/sites/default/files/uploads/jobs/job_application_form_1_20-3-17.pdf","Download Applicaton Form for Retired Persons"
"https://pec.ac.in/sites/default/files/uploads/jobs/application_form_16-3-17.pdf","Download Application Form"
"https://pec.ac.in/sites/default/files/uploads/jobs/application_form_retirees_20-12-16.pdf","Download Application Form for Retirees"
"https://pec.ac.in/sites/default/files/uploads/jobs/application_form_jta_20-12-16.pdf","Download Application Form for JTA"
"https://pec.ac.in/sites/default/files/uploads/jobs/Application%20for%20JRF_DST_0.pdf","Download Application Form"
"https://pec.ac.in/sites/default/files/uploads/jobs/application_form_24-9-16.pdf","Download Application Form"
"https://pec.ac.in/sites/default/files/uploads/jobs/ece_application_form_19-9-16.pdf","Download Application Form"
"https://pec.ac.in/sites/default/files/uploads/jobs/job_application_form_9-9-16.pdf","Download Application Form"
"https://pec.ac.in/sites/default/files/uploads/tenders/tender-campus-wireless-27-8-2015.pdf","tender-campus-wireless-27-8-2015.pdf"
"https://pec.ac.in/sites/default/files/uploads/tenders/tender_convocation_15.9.2015.pdf","Download PDF"
"https://pec.ac.in/sites/default/files/uploads/tenders/tender_admin_18-9-2015.pdf","Download PDF"
"https://pec.ac.in/sites/default/files/uploads/tenders/tender_amc_cc_24-9-2015.pdf","Download PDF"
"https://pec.ac.in/sites/default/files/uploads/tenders/annexure_amc_cc_24-9-2015.pdf","Download Annexure"
"https://pec.ac.in/sites/default/files/uploads/tenders/tender_aero_24-9-2015.pdf","Download PDF"
"https://pec.ac.in/sites/default/files/uploads/tenders/tender_utm_cc_28-9-2015.pdf","Download PDF"
"https://pec.ac.in/sites/default/files/uploads/tenders/tender_pecfest__2015_1.pdf","Download PDF"
"https://pec.ac.in/sites/default/files/uploads/tenders/annexure_1_pecfest_30-9-2015.xlsx","Annexure 1"
"https://pec.ac.in/sites/default/files/uploads/tenders/annexure_2_pecfest_30-9-2015.xlsx","Annexure 2"
"https://pec.ac.in/sites/default/files/uploads/tenders/tender_networking_5-10-15.pdf","Download PDF"
"https://pec.ac.in/sites/default/files/uploads/tenders/tender_applied_sciences_12-10-15.pdf","Download PDF"
"https://pec.ac.in/sites/default/files/uploads/tenders/tender_prod_30-9-2015.pdf","Download PDF"
"https://pec.ac.in/sites/default/files/uploads/tenders/tender_aero_5-3-20.pdf","Download Tender"
"https://pec.ac.in/sites/default/files/uploads/tenders/tender_app_sc_24-2-2020.pdf","Download Tender"
"https://pec.ac.in/sites/default/files/uploads/tenders/tender_26-2-20.pdf","Download Tender"
"https://pec.ac.in/sites/default/files/uploads/tenders/corrigendum_cdgc_9-3-2020.pdf","Download Corrigendum"
"https://pec.ac.in/sites/default/files/uploads/tenders/tender_aero_25-2-2020.pdf","Download Tender"
"https://pec.ac.in/sites/default/files/uploads/tenders/tender_metta_20-02-2020.pdf","Download Tender"
"https://pec.ac.in/sites/default/files/uploads/tenders/tender_aero_1_8-2-2020.pdf","Download Tender (1)"
"https://pec.ac.in/sites/default/files/uploads/tenders/tender_aero_2_8-2-2020.pdf","Download Tender (2)"
"https://pec.ac.in/sites/default/files/uploads/tenders/tender_metta_19-02-2020.pdf","Download Tender"
"https://pec.ac.in/sites/default/files/uploads/tenders/tender_admin_10-2-2020.pdf","Download Tender"
"https://pec.ac.in/sites/default/files/uploads/tenders/tender_aero_1_5-2-2020.pdf","Download Tender (1)"
"https://pec.ac.in/sites/default/files/uploads/tenders/tender_aero_2_5-2-2020.pdf","Download Tender (2)"
"https://pec.ac.in/sites/default/files/uploads/tenders/tender_aero_3_5-2-2020.pdf","Download Tender (3)"
"https://pec.ac.in/sites/default/files/uploads/tenders/tender_app_sc_25-1-2020.pdf","Download Tender"
"https://pec.ac.in/sites/default/files/uploads/tenders/tender_prod_5-2-2020.pdf","Download Tender"
"https://pec.ac.in/sites/default/files/uploads/tenders/tender_acfa_29-1-2020.pdf","Download Tender"
"https://pec.ac.in/sites/default/files/uploads/tenders/Scrapping%20of%20tender_0.pdf","Tender scrapped due administrative reasons"
"https://pec.ac.in/sites/default/files/uploads/tenders/tender_pie_12-12-19.pdf","Download Tender"
"https://pec.ac.in/sites/default/files/uploads/tenders/time_schedule_30-1-2020.pdf","Download Time Schedule"
"https://pec.ac.in/sites/default/files/uploads/tenders/tender_sports_31-1-2020.pdf","Download Tender"
"https://pec.ac.in/sites/default/files/uploads/tenders/tender_aero_28-1-2020.pdf","Download Tender"
"https://pec.ac.in/sites/default/files/uploads/tenders/tender_ee_20-1-2020.pdf","Download Tender (1)"
"https://pec.ac.in/sites/default/files/uploads/tenders/tender_ee_1_20-1-2020.pdf","Download Tender (2)"
"https://pec.ac.in/sites/default/files/uploads/tenders/tender_appsc_21-1-2020.pdf","Download Tender"
"https://pec.ac.in/sites/default/files/uploads/tenders/TentageAlumniMeet2020revised.pdf","Download Tender"
"https://pec.ac.in/sites/default/files/uploads/tenders/tender_mech_06-01-20.pdf","Download Tender"
"https://pec.ac.in/sites/default/files/uploads/tenders/tender_ee_13-1-2020.pdf","Download Tender"
"https://pec.ac.in/sites/default/files/uploads/tenders/tender_alumni_18-1-2020.pdf","Download Tender"
"https://pec.ac.in/sites/default/files/uploads/tenders/Corrigendum_0.pdf","Corrigendum Reference to the pre-bid meeting held on 23.01.2020 at 12:00 PM"
"https://pec.ac.in/sites/default/files/uploads/tenders/tender_cpo_22-1-2020.pdf","Download Tender"
"https://pec.ac.in/sites/default/files/uploads/tenders/tender_cc_7-1-2020.pdf","Download Tender"
"https://pec.ac.in/sites/default/files/uploads/tenders/tender_metta_31-12-19.pdf","Download Tender"
"https://pec.ac.in/sites/default/files/uploads/tenders/tender_app_sc_06-01-20.pdf","Download Tender (1)"
"https://pec.ac.in/sites/default/files/uploads/tenders/tender_app_sc_1_06-01-20.pdf","Download Tender (2)"
"https://pec.ac.in/sites/default/files/uploads/tenders/tender_prod_7-1-2020.pdf","Download Tender"
"https://pec.ac.in/sites/default/files/uploads/tenders/tender_ee_9-1-2020.pdf","Download Tender"
"https://pec.ac.in/sites/default/files/uploads/tenders/tender_estate_3-1-20.pdf","Download Tender"
"https://pec.ac.in/sites/default/files/uploads/tenders/corrigendum_13-1-2020.pdf","Download Corrigendum"
"https://pec.ac.in/sites/default/files/uploads/tenders/tender_cc_website_24-12-19.pdf","Download Tender"
"https://pec.ac.in/sites/default/files/uploads/tenders/tender_metta_18-12-19.pdf","Download Tender"
"https://pec.ac.in/sites/default/files/uploads/tenders/tender_app_sc_19-12-19.pdf","Download Tender"
"https://pec.ac.in/sites/default/files/uploads/tenders/tender_aero_2-12-19%20%281%29.pdf","Download Re-Tender (1)"
"https://pec.ac.in/sites/default/files/uploads/tenders/tender_aero_2-12-19%20%283%29.pdf","Download Re-Tender (2)"
"https://pec.ac.in/sites/default/files/uploads/tenders/tender_aero_2-12-19%20%285%29.pdf","Download Re-Tender (3)"
"https://pec.ac.in/sites/default/files/uploads/tenders/tender_aero_2-12-19%20%286%29.pdf","Download Re-Tender (4)"
"https://pec.ac.in/sites/default/files/uploads/tenders/tender_aero_2-12-19%20%282%29.pdf","Download Re-Tender (5)"
"https://pec.ac.in/sites/default/files/uploads/tenders/tender_aero_4-12-19.pdf","Download Tender"
"https://pec.ac.in/sites/default/files/uploads/tenders/tender_ee_6-12-19.pdf","Download Tender"
"https://pec.ac.in/sites/default/files/uploads/tenders/tender_pie_6-12-19.pdf","Download Tender"
"https://pec.ac.in/sites/default/files/uploads/tenders/tender_prod_29-1-19.pdf","Download Tender"
"https://pec.ac.in/sites/default/files/uploads/tenders/tender_ece_9-12-19%20%281%29.pdf","Download Tender (1)"
"https://pec.ac.in/sites/default/files/uploads/tenders/tender_ece_9-12-19%20%282%29.pdf","Download Tender (2)"
"https://pec.ac.in/sites/default/files/uploads/tenders/tender_ece_9-12-19%20%283%29.pdf","Download Tender (3)"
"https://pec.ac.in/sites/default/files/uploads/tenders/tender_ece_9-12-19%20%284%29.pdf","Download Tender (4)"
"https://pec.ac.in/sites/default/files/uploads/tenders/tender_ece_9-12-19%20%285%29.pdf","Download Tender (5)"
"https://pec.ac.in/sites/default/files/uploads/tenders/tender_ece_9-12-19%20%286%29.pdf","Download Tender (6)"
"https://pec.ac.in/sites/default/files/uploads/tenders/tender_metta_4-12-19.pdf","Download Tender (1)"
"https://pec.ac.in/sites/default/files/uploads/tenders/tender_metta_1_4-12-19.pdf","Download Tender (2)"
"https://pec.ac.in/sites/default/files/uploads/tenders/tender_ee_1_26-11-19.pdf","Download Tender"
"https://pec.ac.in/sites/default/files/uploads/tenders/tender_ee_26-11-19.pdf","Download Tender"
"https://pec.ac.in/sites/default/files/uploads/tenders/tender_electrical_25-11-19.pdf","Download Tender"
"https://pec.ac.in/sites/default/files/uploads/tenders/Etender_mech23_11_19.pdf","Download Tender"
"https://pec.ac.in/sites/default/files/uploads/tenders/Etender_mech_1_23_11_19.pdf","Download Tender"
"https://pec.ac.in/sites/default/files/uploads/tenders/variableTractionSpeedDuctilitySTAAD.pdf","Download Tender"
"https://pec.ac.in/sites/default/files/uploads/tenders/REFLECTOR.pdf","Download Tender"
"https://pec.ac.in/sites/default/files/uploads/tenders/MikeHydroRiver.pdf","Download Tender"
"https://pec.ac.in/sites/default/files/uploads/tenders/PLAXIS-3Dsoftware.pdf","Download Tender"
"https://pec.ac.in/sites/default/files/uploads/tenders/DataAcquisition.pdf","Download Tender"
"https://pec.ac.in/sites/default/files/uploads/tenders/CSIBridge.pdf","Download Tender"
"https://pec.ac.in/sites/default/files/uploads/tenders/STAAD.pdf","Download Tender"
"https://pec.ac.in/sites/default/files/uploads/tenders/INVITATION_GOODS_45119_CC.pdf","Download Invitation Letter"
"https://pec.ac.in/sites/default/files/uploads/tenders/corrigendum_6-12-19.pdf","Download Corrigendum"
"https://pec.ac.in/sites/default/files/uploads/tenders/Etender_mett_1_23_11_19.pdf","Download Tender"
"https://pec.ac.in/sites/default/files/uploads/tenders/tender_1_civil_25-11-19_0.pdf","Download Tender (1)"
"https://pec.ac.in/sites/default/files/uploads/tenders/tender_2_civil_25-11-19_0.pdf","Download Tender (2)"
"https://pec.ac.in/sites/default/files/uploads/tenders/corrigendum_29-11-19.pdf","Download Corrigendum Tender (2)"
"https://pec.ac.in/sites/default/files/uploads/tenders/tender_3_civil_25-11-19_0.pdf","Download Tender (3)"
"https://pec.ac.in/sites/default/files/uploads/tenders/tender_4_civil_25-11-19_0.pdf","Download Tender (4)"
"https://pec.ac.in/sites/default/files/uploads/tenders/tender_5_civil_25-11-19.pdf","Download Tender (5)"
"https://pec.ac.in/sites/default/files/uploads/tenders/etender_CC_23112019.pdf","Download Tender"
"https://pec.ac.in/sites/default/files/uploads/tenders/PressurePlateAppartus.pdf","Download Tender"
"https://pec.ac.in/sites/default/files/uploads/tenders/tender_aero_18-11-19.pdf","Download Tender"
"https://pec.ac.in/sites/default/files/uploads/tenders/tender_aero_1_18-11-19.pdf","Download Tender"
"https://pec.ac.in/sites/default/files/uploads/tenders/rules_conditions_auction_ece_23-10-19.pdf","Download Rules & Conditions"
"https://pec.ac.in/sites/default/files/uploads/tenders/list_auction_ece_23-10-19.xls","Download List"
"https://pec.ac.in/sites/default/files/uploads/tenders/tender-cdgc-30-10-19.pdf","Download Tender"
"https://pec.ac.in/sites/default/files/uploads/tenders/tender_estate_7-11-19.pdf","Download Tender"
"https://pec.ac.in/sites/default/files/uploads/tenders/tender_ece_29-10-19.pdf","Download Tender"
"https://pec.ac.in/sites/default/files/uploads/tenders/tender_app_sc_1_23-10-19.pdf","Download Tender"
"https://pec.ac.in/sites/default/files/uploads/tenders/tender_app_sc_23-10-19.pdf","Download Tender"
"https://pec.ac.in/sites/default/files/uploads/tenders/tender_aero_1_21-10-19.pdf","Download Tender (1)"
"https://pec.ac.in/sites/default/files/uploads/tenders/tender_aero_2_21-10-19.pdf","Download Tender (2)"
"https://pec.ac.in/sites/default/files/uploads/tenders/tender_aero_3_21-10-19.pdf","Download Tender (3)"
"https://pec.ac.in/sites/default/files/uploads/tenders/tender_aero_4_21-10-19.pdf","Download Tender (4)"
"https://pec.ac.in/sites/default/files/uploads/tenders/tender_aero_5_21-10-19.pdf","Download Tender (5)"
"https://pec.ac.in/sites/default/files/uploads/tenders/tender_aero_6_21-10-19.pdf","Download Tender (6)"
"https://pec.ac.in/sites/default/files/uploads/tenders/tender_aero_7_21-10-19.pdf","Download Tender (7)"
"https://pec.ac.in/sites/default/files/uploads/tenders/tender_aero_8_21-10-19.pdf","Download Tender (8)"
"https://pec.ac.in/sites/default/files/uploads/tenders/tender_aero_18-10-19.pdf","Download Tender"
"https://pec.ac.in/sites/default/files/uploads/tenders/tender_admin_4-11-19.pdf","Download Tender"
"https://pec.ac.in/sites/default/files/uploads/tenders/auction_notice_mech_1-11-19.pdf","Download Notice"
"https://pec.ac.in/sites/default/files/uploads/tenders/tender_security_pecfest_19_5-11-19.pdf","Download Tender"
"https://pec.ac.in/sites/default/files/uploads/tenders/tender_app_sc_15-10-19.pdf","Download Tender"
"https://pec.ac.in/sites/default/files/uploads/tenders/tender_metta_1_10-10-19.pdf","Download Tender (1)"
"https://pec.ac.in/sites/default/files/uploads/tenders/tender_metta_2_10-10-19.pdf","Download Tender (2)"
"https://pec.ac.in/sites/default/files/uploads/tenders/tender_metta_3_10-10-19.pdf","Download Tender (3)"
"https://pec.ac.in/sites/default/files/uploads/tenders/tender_metta_4_10-10-19.pdf","Download Tender (4)"
"https://pec.ac.in/sites/default/files/uploads/tenders/tender_metta_5_10-10-19.pdf","Download Tender (5)"
"https://pec.ac.in/sites/default/files/uploads/tenders/tender_metta_6_10-10-19.pdf","Download Tender (6)"
"https://pec.ac.in/sites/default/files/uploads/tenders/tender_metta_7_10-10-19.pdf","Download Tender (7)"
"https://pec.ac.in/sites/default/files/uploads/tenders/tender_metta_8_10-10-19.pdf","Download Tender (8)"
"https://pec.ac.in/sites/default/files/uploads/tenders/tender_metta_9_10-10-19.pdf","Download Tender (9)"
"https://pec.ac.in/sites/default/files/uploads/tenders/tender_cc_17-10-19.pdf","Download Tender"
"https://pec.ac.in/sites/default/files/uploads/tenders/tender_ece_1_14-10-19.pdf","Download Tender (1)"
"https://pec.ac.in/sites/default/files/uploads/tenders/tender_ece_2_14-10-19.pdf","Download Tender (2)"
"https://pec.ac.in/sites/default/files/uploads/tenders/tender_ece_3_14-10-19.pdf","Download Tender (3)"
"https://pec.ac.in/sites/default/files/uploads/tenders/tender_ece_4_14-10-19.pdf","Download Tender (4)"
"https://pec.ac.in/sites/default/files/uploads/tenders/tender_ece_5_14-10-19.pdf","Download Tender (5)"
"https://pec.ac.in/sites/default/files/uploads/tenders/tender_ece_6_14-10-19.pdf","Download Tender (6)"
"https://pec.ac.in/sites/default/files/uploads/tenders/corrigendum_25-11-19.pdf","Download Corrigendum (Tender (6))"
"https://pec.ac.in/sites/default/files/uploads/tenders/tender_ece_7_14-10-19.pdf","Download Tender (7)"
"https://pec.ac.in/sites/default/files/uploads/tenders/tender_stationary_pecfest_19_1-11-19.pdf","Download Tender"
"https://pec.ac.in/sites/default/files/uploads/tenders/tender_mech_1_11-10-19.pdf","Download Tender"
"https://pec.ac.in/sites/default/files/uploads/tenders/tender_mech_2_11-10-19.pdf","Download Tender"
"https://pec.ac.in/sites/default/files/uploads/tenders/tender_metta_1_11-10-19.pdf","Download Tender (1)"
"https://pec.ac.in/sites/default/files/uploads/tenders/tender_metta_2_11-10-19.pdf","Download Tender (2)"
"https://pec.ac.in/sites/default/files/uploads/tenders/tender_metta_3_11-10-19.pdf","Download Tender (3)"
"https://pec.ac.in/sites/default/files/uploads/tenders/tender_metta_4_11-10-19.pdf","Download Tender (4)"
"https://pec.ac.in/sites/default/files/uploads/tenders/tender_mech_11-10-19.pdf","Download Tender"
"https://pec.ac.in/sites/default/files/uploads/tenders/tender_admin_11-10-19.pdf","Download Tender"
"https://pec.ac.in/sites/default/files/uploads/tenders/corrigendum_24-10-19.pdf","Download Corrigendum"
"https://pec.ac.in/sites/default/files/uploads/tenders/tender_teqip_23-9-19.pdf","Download Tender"
"https://pec.ac.in/sites/default/files/uploads/tenders/tender_cc-18-9-19.pdf","Download Tender"
"https://pec.ac.in/sites/default/files/uploads/tenders/corrigendum_9-10-19.pdf","Download Corrigendum"
"https://pec.ac.in/sites/default/files/attachments/internshi_projects_2015.pdf","Internship Projects done by the students"
"https://pec.ac.in/sites/default/files/gallery_images/_DSC4743.JPG",""
"https://pec.ac.in/sites/default/files/gallery_images/_DSC4750.JPG",""
"https://pec.ac.in/sites/default/files/gallery_images/_DSC4762.JPG",""
"https://pec.ac.in/sites/default/files/gallery_images/_DSC4461.JPG",""
"https://pec.ac.in/sites/default/files/gallery_images/Civil%20Department%20%20Staff%20.JPG",""
"https://pec.ac.in/sites/default/files/gallery_images/Computer%20Lab%20.JPG",""
"https://pec.ac.in/sites/default/files/gallery_images/Structural%20Model%20Lab.JPG",""
"https://pec.ac.in/sites/default/files/gallery_images/Structural%20Engineering%20Lab.JPG",""
"https://pec.ac.in/sites/default/files/gallery_images/Reinforced%20Cement%20Concrete%20Lab.JPG",""
"https://pec.ac.in/sites/default/files/gallery_images/FM%20Lab.JPG",""
"https://pec.ac.in/sites/default/files/gallery_images/Irrigation%20Engineering%20Lab.JPG",""
"https://pec.ac.in/sites/default/files/gallery_images/Survey%20Lab.JPG",""
"https://pec.ac.in/sites/default/files/gallery_images/Soil%20Mechanics%20Lab%20.JPG",""
"https://pec.ac.in/sites/default/files/gallery_images/Transportation%20Lab%20.JPG",""
"https://pec.ac.in/sites/default/files/gallery_images/MT%20Lab.JPG",""
"https://pec.ac.in/sites/default/files/gallery_images/Environmental%20Engineering%20Lab.JPG",""
"https://pec.ac.in/sites/default/files/uploads/Research%20Lab_rev2.pdf","ECE LAB - XI (Nanoelectronics Research Lab)"
"https://pec.ac.in/sites/default/files/uploads/DST-FIST_Size%204x3_20191010.pdf","FIST-DST Research Lab"
"https://pec.ac.in/sites/default/files/3_0.jpg",""
"https://pec.ac.in/sites/default/files/1_0.jpg",""
"https://pec.ac.in/sites/default/files/2_0.jpg",""
"https://pec.ac.in/sites/default/files/1.jpg",""
"https://pec.ac.in/sites/default/files/2.jpg",""
"https://pec.ac.in/sites/default/files/3.jpg",""
"https://pec.ac.in/sites/default/files/gallery_images/ncc1.jpg",""
"https://pec.ac.in/sites/default/files/gallery_images/ncc2.jpg",""
"https://pec.ac.in/sites/default/files/gallery_images/ncc3.jpg",""
"https://pec.ac.in/sites/default/files/gallery_images/ncc4.jpg",""
"https://pec.ac.in/sites/default/files/gallery_images/ncc5.jpg",""
"https://pec.ac.in/sites/default/files/gallery_images/ncc6.jpg",""
"https://pec.ac.in/sites/default/files/departments/faculty_uploads/sanjay_batish.jpg",""
"https://pec.ac.in/sites/default/files/departments/faculty_uploads/sushil.jpg",""
"https://pec.ac.in/sites/default/files/uploads/jobs/job-09-09-19.pdf","Download Application Form & Other Details"
"https://pec.ac.in/sites/default/files/uploads/jobs/application_form_4-9-19_1.pdf","Download Application Form"
"https://pec.ac.in/sites/default/files/uploads/jobs/job_28-8-19.pdf","Download Details"
"https://pec.ac.in/sites/default/files/uploads/jobs/job_21-8-19.pdf","Download Details"
"https://pec.ac.in/sites/default/files/uploads/jobs/application_form_dst_21-8-19.pdf","Download Application Form (IMPRINT)"
"https://pec.ac.in/sites/default/files/uploads/jobs/application_form_imprint_21-8-19.pdf","Download Application Form (DST)"
"https://pec.ac.in/sites/default/files/uploads/jobs/job_legal_retainer_14-8-19.pdf","Download Details"
"https://pec.ac.in/sites/default/files/uploads/jobs/job_31-7-19.pdf","Download Details"
"https://pec.ac.in/sites/default/files/uploads/jobs/application_form_31-7-19.pdf","Download Application Form"
"https://pec.ac.in/sites/default/files/uploads/jobs/job_29-7-19-1.pdf","Download Details"
"https://pec.ac.in/sites/default/files/uploads/jobs/application_form_29-7-19-1.pdf","Download Application Form"
"https://pec.ac.in/sites/default/files/uploads/jobs/job_29-7-19.pdf","Download Details"
"https://pec.ac.in/sites/default/files/uploads/jobs/application_form_29-7-19.pdf","Download Application Form"
"https://pec.ac.in/sites/default/files/uploads/jobs/job_25-07-19.pdf","Download Details"
"https://pec.ac.in/sites/default/files/uploads/jobs/job_21-6-19.pdf","Download Details"
"https://pec.ac.in/sites/default/files/uploads/jobs/application_form_21-6-19.docx","Download Application Form"
"https://pec.ac.in/sites/default/files/uploads/jobs/job_details_20-6-19.pdf","Download Details"
"https://pec.ac.in/sites/default/files/uploads/jobs/job_20-6-19.docx","Download Registration Form"
"https://pec.ac.in/sites/default/files/uploads/jobs/job_18-6-19.pdf","Download Details"
"https://pec.ac.in/sites/default/files/uploads/jobs/job_details_29-5-19.pdf","Download Details"
"https://pec.ac.in/sites/default/files/uploads/jobs/application_form_29-5-19.pdf","Download Application Form"
"https://pec.ac.in/sites/default/files/uploads/jobs/list_of_eligible_candidates.pdf","Download List of Eligible Candidates"
"https://pec.ac.in/sites/default/files/uploads/jobs/notice_for_interview.pdf","Download Notice"
"https://pec.ac.in/sites/default/files/uploads/jobs/job_postponed_18-1-19.pdf","Download Notice (18-01-2019)"
"https://pec.ac.in/sites/default/files/uploads/jobs/notice_job_registrar_6-12-18.pdf","Download Notice"
"https://pec.ac.in/sites/default/files/uploads/jobs/eligible_registrar_6-12-18.pdf","Download List of Eligible Candidates"
"https://pec.ac.in/sites/default/files/uploads/jobs/not_eligible_registrar_6-12-18.pdf","Download List of Not Eligible Candidates"
"https://pec.ac.in/sites/default/files/uploads/jobs/job_27-12-18.pdf","Download Notice"
"https://pec.ac.in/sites/default/files/uploads/jobs/job_28-11-18.pdf","Download Details"
"https://pec.ac.in/sites/default/files/uploads/jobs/job_3-10-18.pdf","Download Details"
"https://pec.ac.in/sites/default/files/uploads/jobs/job_21-9-18.pdf","Download Details"
"https://pec.ac.in/sites/default/files/uploads/jobs/Annexure-%20A.docx","Download Annexure-A"
"https://pec.ac.in/sites/default/files/uploads/jobs/Annexure-%20B.docx","Download Annexure-B"
"https://pec.ac.in/sites/default/files/uploads/jobs/Annexure-%20C.docx","Download Annexure-C"
"https://pec.ac.in/sites/default/files/uploads/jobs/Annexure-%20D.docx","Download Annexure-D"
"https://pec.ac.in/sites/default/files/uploads/jobs/job_22-8-18.pdf","Download Details"
"https://pec.ac.in/sites/default/files/uploads/jobs/Corrigendum_8-8-18.pdf","Click Here to Download Corrigendum"
"https://pec.ac.in/sites/default/files/uploads/jobs/corrigendum_job_10-8-18.pdf","Click Here to Download Corrigendum (10-8-18)"
"https://pec.ac.in/sites/default/files/uploads/jobs/job_teqip_19-7-18_revised.pdf","Download Revised Details"
"https://pec.ac.in/sites/default/files/uploads/jobs/application_form_teqip_19-7-18.pdf","Download Application Form"
"https://pec.ac.in/sites/default/files/uploads/jobs/list_candidates_3-8-18.pdf","Download List of Shortlisted Candidates"
"https://pec.ac.in/sites/default/files/uploads/jobs/job_16-7-18.pdf","Download Details"
"https://pec.ac.in/sites/default/files/uploads/jobs/job_11-7-18.pdf","Download Details"
"https://pec.ac.in/sites/default/files/uploads/jobs/job_registrar_9-7-18.pdf","Download Details"
"https://pec.ac.in/sites/default/files/uploads/jobs/application_form_10-7-18.pdf","Download Application Form"
"https://pec.ac.in/sites/default/files/uploads/jobs/advertisement_3-8-18.PDF","Download Advertisement"
"https://pec.ac.in/sites/default/files/uploads/jobs/notice_job_9-6-18.pdf","Download Notice"
"https://pec.ac.in/sites/default/files/uploads/jobs/assoc_prof_pie_9-6-18.pdf","Associate Professor (Advt. No. PEC/Recruitment/Faculty/04/2017)"
"https://pec.ac.in/sites/default/files/uploads/jobs/assoc_prof_pie_5_9-6-18.pdf","Associate Professor (Advt. No. PEC/Recruitment/Faculty/05/2017)"
"https://pec.ac.in/sites/default/files/uploads/jobs/associate_prof_3_11-6-18.pdf","Associate Professor (Advt. No. PEC/Recruitment/Faculty/03/2017)"
"https://pec.ac.in/sites/default/files/uploads/jobs/prof_pie_9-6-18.pdf","Professor (Advt. No. PEC/Recruitment/Faculty/04/2017)"
"https://pec.ac.in/sites/default/files/uploads/jobs/notice_1-6-18.pdf","Download Notice"
"https://pec.ac.in/sites/default/files/uploads/jobs/assistant_professor_civil_1-6-18.pdf","Assistant Professor (Advt. No. PEC/Recruitment/Faculty/04/2017)"
"https://pec.ac.in/sites/default/files/uploads/jobs/professor_civil_1-6-18.pdf","Professor (Advt. No. PEC/Recruitment/Faculty/04/2017)"
"https://pec.ac.in/sites/default/files/uploads/jobs/revised_notice_4-6-18.pdf","Download Revised Notice"
"https://pec.ac.in/sites/default/files/uploads/jobs/notice_job_30-5-18.pdf","Download Notice"
"https://pec.ac.in/sites/default/files/uploads/jobs/professor_ee_5_30-5-18.pdf","Professor (Advt. No. PEC/Recruitment/Faculty/05/2017)"
"https://pec.ac.in/sites/default/files/uploads/jobs/professor_ee_4_30-5-18.pdf","Professor (Advt. No. PEC/Recruitment/Faculty/04/2017)"
"https://pec.ac.in/sites/default/files/uploads/jobs/associate_professor_5_30-5-18.pdf","Associate Professor (Advt. No. PEC/Recruitment/Faculty/05/2017)"
"https://pec.ac.in/sites/default/files/uploads/jobs/associate_professor_4_30-5-18.pdf","Associate Professor (Advt. No. PEC/Recruitment/Faculty/04/2017)"
"https://pec.ac.in/sites/default/files/uploads/jobs/job_ca_28-5-18.pdf","Download Details"
"https://pec.ac.in/sites/default/files/uploads/jobs/notice_ece_17-5-18.pdf","Download Notice"
"https://pec.ac.in/sites/default/files/uploads/jobs/associate_professor_ece_17-5-18.pdf","Associate Professor (Advt. No. PEC/Recruitment/Faculty/04/2017)"
"https://pec.ac.in/sites/default/files/uploads/jobs/associate_professor_ece_5_17-5-18.pdf","Associate Professor (Advt. No. PEC/Recruitment/Faculty/05/2017)"
"https://pec.ac.in/sites/default/files/uploads/jobs/professor_ece_17-5-18.pdf","Professor (Advt. No. PEC/Recruitment/Faculty/04/2017)"
"https://pec.ac.in/sites/default/files/uploads/jobs/notice_cmh_17-5-18.pdf","Download Notice"
"https://pec.ac.in/sites/default/files/uploads/jobs/assistant_professor_cmh_17-5-18.pdf","Assistant Professor (Advt. No. PEC/Recruitment/Faculty/04 & 05/2017)"
"https://pec.ac.in/sites/default/files/uploads/jobs/associate_professor_cmh_17-5-18.pdf","Associate Professor (Advt. No. PEC/Recruitment/Faculty/04 & 05/2017)"
"https://pec.ac.in/sites/default/files/uploads/jobs/professor_cmh_17-5-18.pdf","Professor (Advt. No. PEC/Recruitment/Faculty/04 & 05/2017)"
"https://pec.ac.in/sites/default/files/uploads/jobs/notice_job_30-4-18.pdf","Download Notice"
"https://pec.ac.in/sites/default/files/uploads/jobs/professor_aero_30-4-18.pdf.pdf","Professor (Advt. No. PEC/Recruitment/Faculty/04/2017)"
"https://pec.ac.in/sites/default/files/uploads/jobs/job_notice_27-4-18.pdf","Download Notice"
"https://pec.ac.in/sites/default/files/uploads/jobs/assistant_professor_cse_27-4-18.pdf","Assistant Professor (Advt. No. PEC/Recruitment/Faculty/05/2017)"
"https://pec.ac.in/sites/default/files/uploads/jobs/associate_professor_cse_27-4-18.pdf","Associate Professor (Advt. No. PEC/Recruitment/Faculty/04/2017)"
"https://pec.ac.in/sites/default/files/uploads/jobs/associate_professor_cse_1_27-4-18.pdf","Associate Professor (Advt. No. PEC/Recruitment/Faculty/05/2017)"
"https://pec.ac.in/sites/default/files/uploads/jobs/asociate_professor_cse_2_27-4-18.pdf","Associate Professor (Advt. No. PEC/Recruitment/Faculty/03/2017)"
"https://pec.ac.in/sites/default/files/uploads/jobs/job_1_18-4-18.pdf","Download Details"
"https://pec.ac.in/sites/default/files/uploads/jobs/job_18-4-18.pdf","Download Details"
"https://pec.ac.in/sites/default/files/uploads/jobs/notice_job_11-4-18.pdf","Download Notice"
"https://pec.ac.in/sites/default/files/uploads/jobs/assistant_professor_1_5_11-4-18.pdf","Assistant Professor (Advt. No. PEC/Recruitment/Faculty/05/2017)"
"https://pec.ac.in/sites/default/files/uploads/jobs/assistant_professor_2_5_11-4-18.pdf","Assistant Professor (Advt. No. PEC/Recruitment/Faculty/05/2017)"
"https://pec.ac.in/sites/default/files/uploads/jobs/associate_professor_5_11-4-18.pdf","Associate Professor (Advt. No. PEC/Recruitment/Faculty/05/2017)"
"https://pec.ac.in/sites/default/files/uploads/jobs/professor_5_11-4-18.pdf","Professor (Advt. No. PEC/Recruitment/Faculty/05/2017)"
"https://pec.ac.in/sites/default/files/uploads/jobs/notice_job_6-4-18.pdf","Download Notice"
"https://pec.ac.in/sites/default/files/uploads/jobs/assistant_professor_05_6-4-18.pdf","Assistant Professor (Advt. No. PEC/Recruitment/Faculty/05/2017)"
"https://pec.ac.in/sites/default/files/uploads/jobs/associate_professor_04_6-4-18.pdf","Associate Professor (Advt. No. PEC/Recruitment/Faculty/04/2017)"
"https://pec.ac.in/sites/default/files/uploads/jobs/associate_professor_05_6-4-18.pdf","Associate Professor (Advt. No. PEC/Recruitment/Faculty/05/2017)"
"https://pec.ac.in/sites/default/files/uploads/jobs/Assistant%20Professor%20%28Advt.%20No.%20PECRecruitmentFaculty052017%29_revised.pdf","Assistant Professor (Advt. No. PEC/Recruitment/Faculty/05/2017) (Revised)"
"https://pec.ac.in/sites/default/files/uploads/jobs/job_16-3-18.pdf","Download Details"
"https://pec.ac.in/sites/default/files/uploads/jobs/job_26-2-18.pdf","Download Details"
"https://pec.ac.in/sites/default/files/uploads/jobs/job_27-2-18.pdf","Download Details"
"https://pec.ac.in/sites/default/files/uploads/jobs/job_13-2-18.pdf","Download Details"
"https://pec.ac.in/sites/default/files/uploads/jobs/application_form_13-2-18.pdf","Download Application Form"
"https://pec.ac.in/sites/default/files/uploads/jobs/application_form_13-2-18.docx","Download Application Form (Doc File)"
"https://pec.ac.in/sites/default/files/uploads/jobs/job_24-1-18.pdf","Download Details"
"https://pec.ac.in/sites/default/files/uploads/jobs/application_form_24-1-18.pdf","Download Application Form"
"https://pec.ac.in/sites/default/files/uploads/jobs/list_eligible_candidates_3-2-18.pdf","List of Elgibile Candidate for Post of AR"
"https://pec.ac.in/sites/default/files/uploads/jobs/job_3-1-18_0.pdf","Download Details"
"https://pec.ac.in/sites/default/files/uploads/jobs/job_19-12-17.pdf","Download Details"
"https://pec.ac.in/sites/default/files/uploads/jobs/job_3-1-18.pdf","Download Details of Applications"
"https://pec.ac.in/sites/default/files/uploads/jobs/job_3_23-12-17.pdf","Download Details"
"https://pec.ac.in/sites/default/files/uploads/jobs/annexure-a-23-12-17.pdf","Download Annexure A"
"https://pec.ac.in/sites/default/files/uploads/jobs/annexure-b-23-12-17.pdf","Download Annexure B"
"https://pec.ac.in/sites/default/files/uploads/jobs/annexure-c-23-12-17.pdf","Download Annexure C"
"https://pec.ac.in/sites/default/files/uploads/jobs/job_2_27-12-17.pdf","Download Revised Details"
"https://pec.ac.in/sites/default/files/uploads/jobs/application_form_2_23-12-17.pdf","Download Application Form"
"https://pec.ac.in/sites/default/files/uploads/jobs/corrigendum_10-1-18.pdf","Download Corrigendum"
"https://pec.ac.in/sites/default/files/uploads/jobs/application_form_22-12-17.docx","Download Application Form (Doc File)"
"https://pec.ac.in/sites/default/files/uploads/jobs/notice_8-2-18.pdf","Download Notice"
"https://pec.ac.in/sites/default/files/uploads/jobs/application_form_8-2-18.pdf","Download Revised Application Form"
"https://pec.ac.in/sites/default/files/uploads/jobs/application_form_8-2-18.docx","Download Revised Application Form (Doc File)"
"https://pec.ac.in/sites/default/files/uploads/jobs/job_27-12-17.pdf","Download Revised Details"
"https://pec.ac.in/sites/default/files/uploads/jobs/application_form_23-12-17.pdf","Download Application Form"
"https://pec.ac.in/sites/default/files/uploads/jobs/corrigendum_job_29-12-17.pdf","Download Corrigendum"
"https://pec.ac.in/sites/default/files/uploads/jobs/application_form_2-22-12-17.docx","Download Application Form (Doc File)"
"https://pec.ac.in/sites/default/files/uploads/jobs/notice_2_8-2-18.pdf","Download Notice"
"https://pec.ac.in/sites/default/files/uploads/jobs/application_form_2_8-2-18.pdf","Download Revised Application Form"
"https://pec.ac.in/sites/default/files/uploads/jobs/application_form_2_8-2-18.docx","Download Revised Application Form (Doc File)"
"https://pec.ac.in/sites/default/files/uploads/jobs/job_2_22-12-17.pdf","Download Details"
"https://pec.ac.in/sites/default/files/uploads/jobs/application_form_2_22-12-17.pdf","Download Application Form"
"https://pec.ac.in/sites/default/files/uploads/jobs/notice_1_8-2-18.pdf","Download Notice"
"https://pec.ac.in/sites/default/files/uploads/jobs/application_form_1_8-2-18.pdf","Download Revised Application Form"
"https://pec.ac.in/sites/default/files/uploads/jobs/application_form_1_8-2-18.docx","Download Revised Application Form (Doc File)"
"https://pec.ac.in/sites/default/files/uploads/jobs/job_22-12-17.pdf","Download Details"
"https://pec.ac.in/sites/default/files/uploads/jobs/application_form_22-12-17.pdf","Download Application Form"
"https://pec.ac.in/sites/default/files/uploads/jobs/job_18-12-17.pdf","Download Details"
"https://pec.ac.in/sites/default/files/uploads/jobs/application_job_13-5-16_1.pdf","Download Application Form"
"https://pec.ac.in/sites/default/files/uploads/jobs/job_6-7-16.pdf","In reference to advertisement no. PEC/CF/16 for engagement of Contractual Faculty in the new papers dated 22.06.2016, 02 posts of Contractual Faculty in Humanities (01 for UR and 01 for OBC) and uploaded on the website of PEC University of Technology on 22.06.2016 stand cancelled due to administrative reasons.Thus, there will be no interview for Contractual Faculty Humanities on 18.07.2016 as was notified earlier."
"https://pec.ac.in/sites/default/files/uploads/jobs/application_job_13-5-16_0.pdf","Download Application Form"
"https://pec.ac.in/sites/default/files/uploads/jobs/application_job_13-5-16.pdf","Download Application Form"
"https://pec.ac.in/sites/default/files/uploads/jobs/job_14-12-17.pdf","Download Details"
"https://pec.ac.in/sites/default/files/uploads/jobs/job_teqip_8-11-17.pdf","Download Details"
"https://pec.ac.in/sites/default/files/uploads/jobs/application_form_teqip_8-11-17.pdf","Download Application Form"
"https://pec.ac.in/sites/default/files/uploads/jobs/job_1-11-17.pdf","Download Details"
"https://pec.ac.in/sites/default/files/uploads/jobs/application_form_1-11-17.pdf","Download Applicaion Form"
"https://pec.ac.in/sites/default/files/uploads/jobs/job_18-9-17.pdf","Download Details"
"https://pec.ac.in/sites/default/files/uploads/jobs/application_form_18-9-17.pdf","Download Application Form"
"https://pec.ac.in/sites/default/files/uploads/jobs/job_advertisement_3-10-17.pdf","Download Advertisement"
"https://pec.ac.in/sites/default/files/uploads/jobs/job_3-10-17.pdf","Download Details"
"https://pec.ac.in/sites/default/files/uploads/jobs/job_csrc_19-8-17.pdf","Download Details"
"https://pec.ac.in/sites/default/files/uploads/jobs/application_form_computer_attendant_23-8-17.pdf","Download Application Form for Computer Attendant"
"https://pec.ac.in/sites/default/files/uploads/jobs/application_form_clerk_23-8-17.pdf","Download Application Form for Clerk"
"https://pec.ac.in/sites/default/files/uploads/jobs/result_job_13-9-17.pdf","Download List"
"https://pec.ac.in/sites/default/files/uploads/jobs/job_05-09-2017.pdf","Download Details"
"https://pec.ac.in/sites/default/files/uploads/jobs/application_form_5-9-17.pdf","Download Application Form"
"https://pec.ac.in/sites/default/files/uploads/jobs/job_library_15-8-17.pdf","Download Details"
"https://pec.ac.in/sites/default/files/uploads/jobs/job_application_11-4-16.pdf","Download Application Form"
"https://pec.ac.in/sites/default/files/uploads/jobs/job_faculty_positions_19-7-17.pdf","Download Details"
"https://pec.ac.in/sites/default/files/uploads/jobs/corrigendum_job_19-7-17.pdf","Download Corrigendum"
"https://pec.ac.in/sites/default/files/uploads/jobs/job_18-7-17.pdf","Download Details"
"https://pec.ac.in/sites/default/files/uploads/jobs/application_form_24-7-17.pdf","Download Application Form"
"https://pec.ac.in/sites/default/files/uploads/jobs/job_1_14-7-17.pdf","Download Details"
"https://pec.ac.in/sites/default/files/uploads/jobs/job_14-7-17.pdf","Download Details"
"https://pec.ac.in/sites/default/files/uploads/jobs/job_5-7-17.pdf","Download Details"
"https://pec.ac.in/sites/default/files/uploads/jobs/job_29-6-17.pdf","Download Details"
"https://pec.ac.in/sites/default/files/uploads/jobs/job_12-6-17.pdf","Download Details"
"https://pec.ac.in/sites/default/files/uploads/jobs/job_metta_2-6-17.pdf","Download Details"
"https://pec.ac.in/sites/default/files/uploads/jobs/job_20-3-17.pdf","Download Advertisement"
"https://pec.ac.in/sites/default/files/uploads/jobs/job_16-3-17.pdf","Download Details"
"https://pec.ac.in/sites/default/files/uploads/jobs/corrignedum_job_19-3-17.pdf","Download Corrigendum"
"https://pec.ac.in/sites/default/files/uploads/jobs/eligible.pdf","Download **List of Eligible Candidates"
"https://pec.ac.in/sites/default/files/uploads/jobs/NotEligible.pdf","Download List of Non Eligible Candidates"
"https://pec.ac.in/sites/default/files/uploads/jobs/job_cse_27-2-17.pdf","Download Advertisement"
"https://pec.ac.in/sites/default/files/uploads/jobs/application_form_27-2-17.pdf","Download Application Form"
"https://pec.ac.in/sites/default/files/uploads/jobs/job_27-12-16.pdf","Download Details"
"https://pec.ac.in/sites/default/files/uploads/jobs/job_1_20-6-16.pdf","Download Advertisement"
"https://pec.ac.in/sites/default/files/uploads/jobs/corrigendum_26-12-16.pdf","Download Corrigendum"
"https://pec.ac.in/sites/default/files/uploads/jobs/DST_advertisement%20for%20JRF_Website_20161125_0.pdf","Download Details"
"https://pec.ac.in/sites/default/files/uploads/jobs/job_1_13-11-16.pdf","Download Details"
"https://pec.ac.in/sites/default/files/uploads/jobs/job_dst_24-9-16.pdf","Download Details"
"https://pec.ac.in/sites/default/files/uploads/jobs/job_ece_19-9-16.pdf","Download Details"
"https://pec.ac.in/sites/default/files/uploads/jobs/job_9-9-16.pdf","Download Details"
"https://pec.ac.in/sites/default/files/uploads/jobs/job_8-9-16.pdf","Download Details"
"https://pec.ac.in/sites/default/files/uploads/jobs/application_job_30_8_2015.pdf","Application Form"
"https://pec.ac.in/sites/default/files/uploads/jobs/Application_Form_JRF_30-7-2015.pdf","Application Form"
"https://pec.ac.in/sites/default/files/uploads/jobs/Application-Form-20-7-2015.pdf","Application Form"
"https://pec.ac.in/sites/default/files/uploads/tenders/tender_ece_bel_13-10-15.pdf","Download PDF"
"https://pec.ac.in/sites/default/files/uploads/tenders/tender_ece_12-10-15.pdf","Download PDF"
"https://pec.ac.in/sites/default/files/uploads/tenders/tender_ece_15-10-15.pdf","Download PDF"
"https://pec.ac.in/sites/default/files/uploads/tenders/tender_civil_9-10-2015.pdf","Download PDF"
"https://pec.ac.in/sites/default/files/uploads/tenders/specifications_civil_9-10-2015.pdf","Download Specifications"
"https://pec.ac.in/sites/default/files/uploads/tenders/tender_civil_12-10-2015.pdf","Download PDF"
"https://pec.ac.in/sites/default/files/uploads/tenders/tender_civil_2_12-10-2015.pdf","Download PDF"
"https://pec.ac.in/sites/default/files/uploads/tenders/tender_cse_csrc_15-10-15.pdf","Download PDF"
"https://pec.ac.in/sites/default/files/uploads/tenders/tender_ece_19-10-2015.pdf","Download PDF"
"https://pec.ac.in/sites/default/files/uploads/tenders/tender_metta_1_16-10-2015.pdf","Download PDF"
"https://pec.ac.in/sites/default/files/uploads/tenders/tender_metta_2_16-10-2015.pdf","Download PDF"
"https://pec.ac.in/sites/default/files/uploads/tenders/tender_metta_3_16-10-2015.pdf","Download PDF"
"https://pec.ac.in/sites/default/files/uploads/tenders/tender_cc_3-11-15.pdf","Download PDF"
"https://pec.ac.in/sites/default/files/uploads/tenders/tender_applied_sciences_9-11-15.pdf","Download PDF"
"https://pec.ac.in/sites/default/files/uploads/tenders/tender_civil_1_19-11-15_revised.pdf","Download PDF"
"https://pec.ac.in/sites/default/files/uploads/tenders/tender_civil_2_19-11-15_revised.pdf","Download PDF"
"https://pec.ac.in/sites/default/files/uploads/tenders/tender_civil_14-11-15.pdf","Download PDF"
"https://pec.ac.in/sites/default/files/uploads/tenders/tender_Aero_10-11-2015.pdf","Download PDF"
"https://pec.ac.in/sites/default/files/uploads/tenders/auction_20-11-15.pdf","Download PDF"
"https://pec.ac.in/sites/default/files/uploads/tenders/auction-list_20-11-15.pdf","Download List"
"https://pec.ac.in/sites/default/files/uploads/tenders/tender_mechanical_19-11-15.pdf","Download PDF"
"https://pec.ac.in/sites/default/files/uploads/tenders/tender_cc_18-11-15.pdf","Download PDF"
"https://pec.ac.in/sites/default/files/uploads/tenders/tender_aero_3-12-15.pdf","Download PDF"
"https://pec.ac.in/sites/default/files/uploads/tenders/tender_aero_rig_cover_3-12-15.pdf","Download Drawing"
"https://pec.ac.in/sites/default/files/uploads/tenders/tender_prod_9-11-15.pdf","Download PDF"
"https://pec.ac.in/sites/default/files/uploads/tenders/tender_mechanical_disk_20-11-15.pdf","Download PDF"
"https://pec.ac.in/sites/default/files/uploads/tenders/tender_mechanical_erosion_20-11-15.pdf","Download PDF"
"https://pec.ac.in/sites/default/files/uploads/tenders/tender_dsa_8-12-15.pdf","Download PDF"
"https://pec.ac.in/sites/default/files/uploads/tenders/tender_admin_1_17-12-15.pdf","Download PDF"
"https://pec.ac.in/sites/default/files/uploads/tenders/schedule_of_work_admin_17-12-15.pdf","Download Schedule of Work"
"https://pec.ac.in/sites/default/files/uploads/tenders/tender_admin_18-12-15.pdf","Download PDF"
"https://pec.ac.in/sites/default/files/uploads/tenders/Schedule_of_quantities_18-12-15.xlsx","Download Schedule of Quantities"
"https://pec.ac.in/sites/default/files/uploads/tenders/tender_prod_9-12-15.pdf","Download PDF"
"https://pec.ac.in/sites/default/files/uploads/tenders/tender_civil_14-12-15.pdf","Download PDF"
"https://pec.ac.in/sites/default/files/uploads/tenders/tender_civil_1_4-12-15.pdf","Download PDF"
"https://pec.ac.in/sites/default/files/uploads/tenders/tender_cc_10-12-15.pdf","Download PDF"
"https://pec.ac.in/sites/default/files/uploads/tenders/tender_metta_10-12-15.pdf","Download PDF"
"https://pec.ac.in/sites/default/files/uploads/tenders/tender_metta_1_10-12-15.pdf","Download PDF"
"https://pec.ac.in/sites/default/files/uploads/tenders/tender_admin_17-12-15.pdf","Download PDF"
"https://pec.ac.in/sites/default/files/uploads/tenders/tender_admin_phd_30-12-15.pdf","Download PDF"
"https://pec.ac.in/sites/default/files/uploads/tenders/tender_admin_director_30-12-15.pdf","Download PDF"
"https://pec.ac.in/sites/default/files/uploads/tenders/tender_admin_incubation_30-12-15.pdf","Download PDF"
"https://pec.ac.in/sites/default/files/uploads/tenders/tender_admin_alumni_30-12-15.pdf","Download PDF"
"https://pec.ac.in/sites/default/files/uploads/tenders/tender_admin_academics_30-12-15.pdf","Download PDF"
"https://pec.ac.in/sites/default/files/uploads/tenders/tender_admin_2-1-16.pdf","Download PDF"
"https://pec.ac.in/sites/default/files/uploads/tenders/schedule_work_2-1-16.pdf","Download Schedule of Work"
"https://pec.ac.in/sites/default/files/uploads/tenders/tender_admin_1_2-1-16.pdf","Download PDF"
"https://pec.ac.in/sites/default/files/uploads/tenders/schedule_work_1_2-1-16.pdf","Download Schedule of Work"
"https://pec.ac.in/sites/default/files/uploads/tenders/tender_admin_2_2-1-16.pdf","Download PDF"
"https://pec.ac.in/sites/default/files/uploads/tenders/schedule_work_2_2-1-16.pdf","Download Schedule of Work"
"https://pec.ac.in/sites/default/files/uploads/tenders/tender_electrical_17-12-15.pdf","Download PDF"
"https://pec.ac.in/sites/default/files/uploads/tenders/tender_electrical_2_17-12-15.pdf","Download PDF"
"https://pec.ac.in/sites/default/files/uploads/tenders/tender_cse_30-11-15.pdf","Download PDF"
"https://pec.ac.in/sites/default/files/uploads/tenders/tender_prod_14-12-15.pdf","Download PDF"
"https://pec.ac.in/sites/default/files/uploads/tenders/tender_himalya_28-12-15.pdf","Download PDF"
"https://pec.ac.in/sites/default/files/uploads/tenders/tender_mess_kitchen_7-1-16.pdf","Download PDF"
"https://pec.ac.in/sites/default/files/uploads/tenders/tender_society_club_7-1-16.pdf","Download PDF"
"https://pec.ac.in/sites/default/files/uploads/tenders/tender_electrical_3_6-1-16.pdf","Download PDF"
"https://pec.ac.in/sites/default/files/uploads/tenders/tender_electrical_4_6-1-16.pdf","Download PDF"
"https://pec.ac.in/sites/default/files/uploads/tenders/tender_prod_19-1-16.pdf","Download PDF"
"https://pec.ac.in/sites/default/files/uploads/tenders/tender_applied_21-1-16.pdf","Download PDF"
"https://pec.ac.in/sites/default/files/uploads/tenders/tender_admin_10-2-16.pdf","Download PDF"
"https://pec.ac.in/sites/default/files/uploads/tenders/boq_admin_10-2-16.docx","Download BOQ"
"https://pec.ac.in/sites/default/files/uploads/tenders/tender_admin_17-2-16.pdf","Download PDF"
"https://pec.ac.in/sites/default/files/uploads/tenders/boq_admin_17-2-16.pdf","Download BOQ"
"https://pec.ac.in/sites/default/files/uploads/tenders/tender_admin_17-2-161.pdf","Download PDF"
"https://pec.ac.in/sites/default/files/uploads/tenders/boq_17-2-16_1.pdf","Download BOQ"
"https://pec.ac.in/sites/default/files/uploads/tenders/tender_cc_9-2-16.pdf","Download PDF"
"https://pec.ac.in/sites/default/files/uploads/tenders/tender_admin_20-16.pdf","Download PDF"
"https://pec.ac.in/sites/default/files/uploads/tenders/boq_admin_20-2-16.pdf","Download BOQ"
"https://pec.ac.in/sites/default/files/uploads/tenders/tender_admin_23-2-16.pdf","Download PDF"
"https://pec.ac.in/sites/default/files/uploads/tenders/boq_admin_23-2-16.pdf","Download Schedule of Work"
"https://pec.ac.in/sites/default/files/uploads/tenders/tender_mess_kitchen_4-2-16.pdf","Download PDF"
"https://pec.ac.in/sites/default/files/uploads/tenders/tender_metta_19-9-19.pdf","Download Tender"
"https://pec.ac.in/sites/default/files/uploads/tenders/corrigendum_19-09-19.pdf","Download Corrigendum"
"https://pec.ac.in/sites/default/files/uploads/tenders/tender_appsc_17-9-19.pdf","Download Tender"
"https://pec.ac.in/sites/default/files/uploads/tenders/corrigendum_18-9-19.pdf","Download Corrigendum"
"https://pec.ac.in/sites/default/files/uploads/tenders/tender_appsc_17-9-19-1.pdf","Download Tender"
"https://pec.ac.in/sites/default/files/uploads/tenders/tender_convocation_24-9-19.pdf","Download Tender"
"https://pec.ac.in/sites/default/files/uploads/tenders/tender_mech_9-9-19.pdf","Download Tender"
"https://pec.ac.in/sites/default/files/uploads/tenders/tender_metta_10-9-19%20%286%29.pdf","Download Tender"
"https://pec.ac.in/sites/default/files/uploads/tenders/tender_metta_10-9-19%20%287%29.pdf","Download Tender"
"https://pec.ac.in/sites/default/files/uploads/tenders/tender_metta_10-9-19%20%288%29.pdf","Download Tender"
"https://pec.ac.in/sites/default/files/uploads/tenders/tender_metta_10-9-19%20%289%29.pdf","Download Tender"
"https://pec.ac.in/sites/default/files/uploads/tenders/tender_metta_10-9-19%20%281%29.pdf","Download Tender"
"https://pec.ac.in/sites/default/files/uploads/tenders/tender_metta_10-9-19%20%282%29.pdf","Download Tender"
"https://pec.ac.in/sites/default/files/uploads/tenders/tender_metta_10-9-19%20%283%29.pdf","Download Tender"
"https://pec.ac.in/sites/default/files/uploads/tenders/tender_metta_10-9-19%20%284%29.pdf","Download Tender"
"https://pec.ac.in/sites/default/files/uploads/tenders/tender_metta_10-9-19%20%285%29.pdf","Download Tender"
"https://pec.ac.in/sites/default/files/uploads/tenders/auction_notice_metta_2-9-19.pdf","Download Auction Notice"
"https://pec.ac.in/sites/default/files/uploads/tenders/tender_metta_9-9-19%20%281%29.pdf","Download Tender"
"https://pec.ac.in/sites/default/files/uploads/tenders/tender_metta_9-9-19%20%282%29.pdf","Download Tender"
"https://pec.ac.in/sites/default/files/uploads/tenders/tender_metta_9-9-19%20%283%29.pdf","Download Tender"
"https://pec.ac.in/sites/default/files/uploads/tenders/tender_metta_9-9-19%20%284%29.pdf","Download Tender"
"https://pec.ac.in/sites/default/files/uploads/tenders/tender_metta_9-9-19%20%285%29.pdf","Download Tender"
"https://pec.ac.in/sites/default/files/uploads/tenders/tender_metta_9-9-19%20%286%29.pdf","Download Tender"
"https://pec.ac.in/sites/default/files/uploads/tenders/tender-admin-7-9-19.pdf","Download Tender"
"https://pec.ac.in/sites/default/files/uploads/tenders/corrigendum_11-9-19.pdf","Download Corrigendum"
"https://pec.ac.in/sites/default/files/uploads/tenders/auction_notice_3-9-19.pdf","Download Auction Notice"
"https://pec.ac.in/sites/default/files/uploads/tenders/tender_csrc_27-8-19.pdf","Download Tender"
"https://pec.ac.in/sites/default/files/